last_record,Start_Date,End_Date,Current_Date,Current_Month,Group,Year,Month,HHS Region,State,Place of Death,Age group,COVID-19 Deaths,Total Deaths,Pneumonia Deaths,Pneumonia and COVID-19 Deaths,Influenza Deaths,"Pneumonia, Influenza, or COVID-19 Deaths",Footnote
9/27/2023,1/1/2020,1/31/2020,31-Jan-20,January 2020,By Month,2020,1,0,United States,Total - All Places of Death,All Ages,6,264681,17909,3,2125,20037,
9/27/2023,1/1/2020,1/31/2020,31-Jan-20,January 2020,By Month,2020,1,0,United States,Total - All Places of Death,0-17 years,0,2966,90,0,63,153,
9/27/2023,1/1/2020,1/31/2020,31-Jan-20,January 2020,By Month,2020,1,0,United States,Total - All Places of Death,18-29 years,0,4425,114,0,54,168,
9/27/2023,1/1/2020,1/31/2020,31-Jan-20,January 2020,By Month,2020,1,0,United States,Total - All Places of Death,30-39 years,0,6474,246,0,112,358,
9/27/2023,1/1/2020,1/31/2020,31-Jan-20,January 2020,By Month,2020,1,0,United States,Total - All Places of Death,40-49 years,0,9792,485,0,151,636,
9/27/2023,1/1/2020,1/31/2020,31-Jan-20,January 2020,By Month,2020,1,0,United States,Total - All Places of Death,50-64 years,2,43007,2572,0,523,3097,
9/27/2023,1/1/2020,1/31/2020,31-Jan-20,January 2020,By Month,2020,1,0,United States,Total - All Places of Death,65-74 years,2,52551,3670,1,405,4076,
9/27/2023,1/1/2020,1/31/2020,31-Jan-20,January 2020,By Month,2020,1,0,United States,Total - All Places of Death,75-84 years,2,64003,4789,2,384,5173,
9/27/2023,1/1/2020,1/31/2020,31-Jan-20,January 2020,By Month,2020,1,0,United States,Total - All Places of Death,85 years and over,0,81448,5943,0,433,6376,
9/27/2023,2/1/2020,2/29/2020,29-Feb-20,February 2020,By Month,2020,2,0,United States,Total - All Places of Death,All Ages,25,244966,15740,10,2373,18127,
9/27/2023,2/1/2020,2/29/2020,29-Feb-20,February 2020,By Month,2020,2,0,United States,Total - All Places of Death,0-17 years,0,2848,86,0,76,162,
9/27/2023,2/1/2020,2/29/2020,29-Feb-20,February 2020,By Month,2020,2,0,United States,Total - All Places of Death,18-29 years,0,4241,110,0,43,153,
9/27/2023,2/1/2020,2/29/2020,29-Feb-20,February 2020,By Month,2020,2,0,United States,Total - All Places of Death,30-39 years,2,5993,166,1,94,261,
9/27/2023,2/1/2020,2/29/2020,29-Feb-20,February 2020,By Month,2020,2,0,United States,Total - All Places of Death,40-49 years,0,9022,407,0,134,541,
9/27/2023,2/1/2020,2/29/2020,29-Feb-20,February 2020,By Month,2020,2,0,United States,Total - All Places of Death,50-64 years,9,40091,2381,5,570,2954,
9/27/2023,2/1/2020,2/29/2020,29-Feb-20,February 2020,By Month,2020,2,0,United States,Total - All Places of Death,65-74 years,3,48226,3179,0,491,3673,
9/27/2023,2/1/2020,2/29/2020,29-Feb-20,February 2020,By Month,2020,2,0,United States,Total - All Places of Death,75-84 years,6,59618,4233,3,506,4742,
9/27/2023,2/1/2020,2/29/2020,29-Feb-20,February 2020,By Month,2020,2,0,United States,Total - All Places of Death,85 years and over,5,74903,5178,1,459,5641,
9/27/2023,3/1/2020,3/31/2020,31-Mar-20,March 2020,By Month,2020,3,0,United States,Total - All Places of Death,All Ages,7175,269806,22481,3345,2437,28620,
9/27/2023,3/1/2020,3/31/2020,31-Mar-20,March 2020,By Month,2020,3,0,United States,Total - All Places of Death,0-17 years,7,2784,75,3,33,112,
9/27/2023,3/1/2020,3/31/2020,31-Mar-20,March 2020,By Month,2020,3,0,United States,Total - All Places of Death,18-29 years,47,4812,149,21,29,203,
9/27/2023,3/1/2020,3/31/2020,31-Mar-20,March 2020,By Month,2020,3,0,United States,Total - All Places of Death,30-39 years,166,6758,288,61,70,461,
9/27/2023,3/1/2020,3/31/2020,31-Mar-20,March 2020,By Month,2020,3,0,United States,Total - All Places of Death,40-49 years,350,10092,616,142,120,932,
9/27/2023,3/1/2020,3/31/2020,31-Mar-20,March 2020,By Month,2020,3,0,United States,Total - All Places of Death,50-64 years,1356,43990,3501,593,551,4772,
9/27/2023,3/1/2020,3/31/2020,31-Mar-20,March 2020,By Month,2020,3,0,United States,Total - All Places of Death,65-74 years,1634,53323,4691,730,537,6095,
9/27/2023,3/1/2020,3/31/2020,31-Mar-20,March 2020,By Month,2020,3,0,United States,Total - All Places of Death,75-84 years,1888,66144,6145,936,560,7635,
9/27/2023,3/1/2020,3/31/2020,31-Mar-20,March 2020,By Month,2020,3,0,United States,Total - All Places of Death,85 years and over,1726,81881,7014,858,537,8408,
9/27/2023,4/1/2020,4/30/2020,30-Apr-20,April 2020,By Month,2020,4,0,United States,Total - All Places of Death,All Ages,65553,322424,46429,28399,1237,84008,
9/27/2023,4/1/2020,4/30/2020,30-Apr-20,April 2020,By Month,2020,4,0,United States,Total - All Places of Death,0-17 years,17,2645,42,2,2,59,
9/27/2023,4/1/2020,4/30/2020,30-Apr-20,April 2020,By Month,2020,4,0,United States,Total - All Places of Death,18-29 years,231,5213,199,81,12,353,
9/27/2023,4/1/2020,4/30/2020,30-Apr-20,April 2020,By Month,2020,4,0,United States,Total - All Places of Death,30-39 years,718,7414,513,304,24,938,
9/27/2023,4/1/2020,4/30/2020,30-Apr-20,April 2020,By Month,2020,4,0,United States,Total - All Places of Death,40-49 years,1908,11904,1258,784,67,2398,
9/27/2023,4/1/2020,4/30/2020,30-Apr-20,April 2020,By Month,2020,4,0,United States,Total - All Places of Death,50-64 years,9920,51204,7185,4401,323,12796,
9/27/2023,4/1/2020,4/30/2020,30-Apr-20,April 2020,By Month,2020,4,0,United States,Total - All Places of Death,65-74 years,13829,63489,10020,6188,285,17760,
9/27/2023,4/1/2020,4/30/2020,30-Apr-20,April 2020,By Month,2020,4,0,United States,Total - All Places of Death,75-84 years,17724,79048,12845,7923,277,22754,
9/27/2023,4/1/2020,4/30/2020,30-Apr-20,April 2020,By Month,2020,4,0,United States,Total - All Places of Death,85 years and over,21203,101478,14365,8716,247,26945,
9/27/2023,5/1/2020,5/31/2020,31-May-20,May 2020,By Month,2020,5,0,United States,Total - All Places of Death,All Ages,38330,280564,29011,15928,126,51519,
9/27/2023,5/1/2020,5/31/2020,31-May-20,May 2020,By Month,2020,5,0,United States,Total - All Places of Death,0-17 years,20,2961,45,4,3,64,
9/27/2023,5/1/2020,5/31/2020,31-May-20,May 2020,By Month,2020,5,0,United States,Total - All Places of Death,18-29 years,134,5509,138,48,1,225,
9/27/2023,5/1/2020,5/31/2020,31-May-20,May 2020,By Month,2020,5,0,United States,Total - All Places of Death,30-39 years,386,7991,342,156,3,575,
9/27/2023,5/1/2020,5/31/2020,31-May-20,May 2020,By Month,2020,5,0,United States,Total - All Places of Death,40-49 years,1038,11662,856,458,7,1442,
9/27/2023,5/1/2020,5/31/2020,31-May-20,May 2020,By Month,2020,5,0,United States,Total - All Places of Death,50-64 years,5435,46588,4566,2535,24,7487,
9/27/2023,5/1/2020,5/31/2020,31-May-20,May 2020,By Month,2020,5,0,United States,Total - All Places of Death,65-74 years,7769,54804,6502,3622,32,10675,
9/27/2023,5/1/2020,5/31/2020,31-May-20,May 2020,By Month,2020,5,0,United States,Total - All Places of Death,75-84 years,9805,66480,7684,4214,28,13297,
9/27/2023,5/1/2020,5/31/2020,31-May-20,May 2020,By Month,2020,5,0,United States,Total - All Places of Death,85 years and over,13742,84555,8877,4890,28,17753,
9/27/2023,6/1/2020,6/30/2020,30-Jun-20,June 2020,By Month,2020,6,0,United States,Total - All Places of Death,All Ages,18026,250456,19294,7661,40,29694,
9/27/2023,6/1/2020,6/30/2020,30-Jun-20,June 2020,By Month,2020,6,0,United States,Total - All Places of Death,0-17 years,18,2975,40,2,0,56,
9/27/2023,6/1/2020,6/30/2020,30-Jun-20,June 2020,By Month,2020,6,0,United States,Total - All Places of Death,18-29 years,108,5766,146,48,1,207,
9/27/2023,6/1/2020,6/30/2020,30-Jun-20,June 2020,By Month,2020,6,0,United States,Total - All Places of Death,30-39 years,299,7661,290,127,0,462,
9/27/2023,6/1/2020,6/30/2020,30-Jun-20,June 2020,By Month,2020,6,0,United States,Total - All Places of Death,40-49 years,689,10913,636,275,1,1051,
9/27/2023,6/1/2020,6/30/2020,30-Jun-20,June 2020,By Month,2020,6,0,United States,Total - All Places of Death,50-64 years,3105,43211,3378,1507,9,4983,
9/27/2023,6/1/2020,6/30/2020,30-Jun-20,June 2020,By Month,2020,6,0,United States,Total - All Places of Death,65-74 years,3785,49642,4365,1779,13,6383,
9/27/2023,6/1/2020,6/30/2020,30-Jun-20,June 2020,By Month,2020,6,0,United States,Total - All Places of Death,75-84 years,4504,58740,5202,2009,9,7705,
9/27/2023,6/1/2020,6/30/2020,30-Jun-20,June 2020,By Month,2020,6,0,United States,Total - All Places of Death,85 years and over,5518,71521,5237,1914,7,8847,
9/27/2023,7/1/2020,7/31/2020,31-Jul-20,July 2020,By Month,2020,7,0,United States,Total - All Places of Death,All Ages,31135,279012,27122,14903,50,43386,
9/27/2023,7/1/2020,7/31/2020,31-Jul-20,July 2020,By Month,2020,7,0,United States,Total - All Places of Death,0-17 years,29,3071,34,6,0,57,
9/27/2023,7/1/2020,7/31/2020,31-Jul-20,July 2020,By Month,2020,7,0,United States,Total - All Places of Death,18-29 years,232,6120,191,93,2,331,
9/27/2023,7/1/2020,7/31/2020,31-Jul-20,July 2020,By Month,2020,7,0,United States,Total - All Places of Death,30-39 years,567,8392,426,243,1,751,
9/27/2023,7/1/2020,7/31/2020,31-Jul-20,July 2020,By Month,2020,7,0,United States,Total - All Places of Death,40-49 years,1339,12340,1036,648,2,1729,
9/27/2023,7/1/2020,7/31/2020,31-Jul-20,July 2020,By Month,2020,7,0,United States,Total - All Places of Death,50-64 years,5711,48509,4882,2863,11,7739,
9/27/2023,7/1/2020,7/31/2020,31-Jul-20,July 2020,By Month,2020,7,0,United States,Total - All Places of Death,65-74 years,7067,56201,6358,3611,12,9821,
9/27/2023,7/1/2020,7/31/2020,31-Jul-20,July 2020,By Month,2020,7,0,United States,Total - All Places of Death,75-84 years,8057,66036,7295,3980,15,11382,
9/27/2023,7/1/2020,7/31/2020,31-Jul-20,July 2020,By Month,2020,7,0,United States,Total - All Places of Death,85 years and over,8133,78322,6899,3459,7,11575,
9/27/2023,8/1/2020,8/31/2020,31-Aug-20,August 2020,By Month,2020,8,0,United States,Total - All Places of Death,All Ages,29913,277282,27358,15116,43,42180,
9/27/2023,8/1/2020,8/31/2020,31-Aug-20,August 2020,By Month,2020,8,0,United States,Total - All Places of Death,0-17 years,19,2891,44,2,0,61,
9/27/2023,8/1/2020,8/31/2020,31-Aug-20,August 2020,By Month,2020,8,0,United States,Total - All Places of Death,18-29 years,139,5880,146,65,1,221,
9/27/2023,8/1/2020,8/31/2020,31-Aug-20,August 2020,By Month,2020,8,0,United States,Total - All Places of Death,30-39 years,384,8157,369,184,0,569,
9/27/2023,8/1/2020,8/31/2020,31-Aug-20,August 2020,By Month,2020,8,0,United States,Total - All Places of Death,40-49 years,1122,11787,926,567,2,1482,
9/27/2023,8/1/2020,8/31/2020,31-Aug-20,August 2020,By Month,2020,8,0,United States,Total - All Places of Death,50-64 years,5161,47336,4920,2841,6,7244,
9/27/2023,8/1/2020,8/31/2020,31-Aug-20,August 2020,By Month,2020,8,0,United States,Total - All Places of Death,65-74 years,6902,55983,6594,3808,11,9695,
9/27/2023,8/1/2020,8/31/2020,31-Aug-20,August 2020,By Month,2020,8,0,United States,Total - All Places of Death,75-84 years,8092,66667,7466,4177,14,11390,
9/27/2023,8/1/2020,8/31/2020,31-Aug-20,August 2020,By Month,2020,8,0,United States,Total - All Places of Death,85 years and over,8092,78566,6893,3472,9,11516,
9/27/2023,9/1/2020,9/30/2020,30-Sep-20,September 2020,By Month,2020,9,0,United States,Total - All Places of Death,All Ages,19158,257190,21130,9377,28,30934,
9/27/2023,9/1/2020,9/30/2020,30-Sep-20,September 2020,By Month,2020,9,0,United States,Total - All Places of Death,0-17 years,14,2798,36,3,0,47,
9/27/2023,9/1/2020,9/30/2020,30-Sep-20,September 2020,By Month,2020,9,0,United States,Total - All Places of Death,18-29 years,86,5399,102,32,1,157,
9/27/2023,9/1/2020,9/30/2020,30-Sep-20,September 2020,By Month,2020,9,0,United States,Total - All Places of Death,30-39 years,235,7311,271,110,1,397,
9/27/2023,9/1/2020,9/30/2020,30-Sep-20,September 2020,By Month,2020,9,0,United States,Total - All Places of Death,40-49 years,627,10698,646,306,0,967,
9/27/2023,9/1/2020,9/30/2020,30-Sep-20,September 2020,By Month,2020,9,0,United States,Total - All Places of Death,50-64 years,3053,43267,3580,1650,10,4992,
9/27/2023,9/1/2020,9/30/2020,30-Sep-20,September 2020,By Month,2020,9,0,United States,Total - All Places of Death,65-74 years,4360,51661,4947,2354,6,6957,
9/27/2023,9/1/2020,9/30/2020,30-Sep-20,September 2020,By Month,2020,9,0,United States,Total - All Places of Death,75-84 years,5269,61543,5841,2623,4,8490,
9/27/2023,9/1/2020,9/30/2020,30-Sep-20,September 2020,By Month,2020,9,0,United States,Total - All Places of Death,85 years and over,5514,74501,5707,2299,6,8927,
9/27/2023,10/1/2020,10/31/2020,31-Oct-20,October 2020,By Month,2020,10,0,United States,Total - All Places of Death,All Ages,24930,273906,24327,11734,69,37570,
9/27/2023,10/1/2020,10/31/2020,31-Oct-20,October 2020,By Month,2020,10,0,United States,Total - All Places of Death,0-17 years,14,2805,50,2,0,62,
9/27/2023,10/1/2020,10/31/2020,31-Oct-20,October 2020,By Month,2020,10,0,United States,Total - All Places of Death,18-29 years,85,5435,116,21,0,180,
9/27/2023,10/1/2020,10/31/2020,31-Oct-20,October 2020,By Month,2020,10,0,United States,Total - All Places of Death,30-39 years,243,7425,254,97,2,401,
9/27/2023,10/1/2020,10/31/2020,31-Oct-20,October 2020,By Month,2020,10,0,United States,Total - All Places of Death,40-49 years,650,10881,697,321,2,1027,
9/27/2023,10/1/2020,10/31/2020,31-Oct-20,October 2020,By Month,2020,10,0,United States,Total - All Places of Death,50-64 years,3387,45039,3808,1755,13,5450,
9/27/2023,10/1/2020,10/31/2020,31-Oct-20,October 2020,By Month,2020,10,0,United States,Total - All Places of Death,65-74 years,5336,54957,5654,2832,17,8169,
9/27/2023,10/1/2020,10/31/2020,31-Oct-20,October 2020,By Month,2020,10,0,United States,Total - All Places of Death,75-84 years,7133,66560,6980,3517,19,10607,
9/27/2023,10/1/2020,10/31/2020,31-Oct-20,October 2020,By Month,2020,10,0,United States,Total - All Places of Death,85 years and over,8082,80790,6768,3189,16,11674,
9/27/2023,11/1/2020,11/30/2020,30-Nov-20,November 2020,By Month,2020,11,0,United States,Total - All Places of Death,All Ages,53250,302583,38301,25290,103,66322,
9/27/2023,11/1/2020,11/30/2020,30-Nov-20,November 2020,By Month,2020,11,0,United States,Total - All Places of Death,0-17 years,27,2773,45,2,1,71,
9/27/2023,11/1/2020,11/30/2020,30-Nov-20,November 2020,By Month,2020,11,0,United States,Total - All Places of Death,18-29 years,152,5260,142,63,0,231,
9/27/2023,11/1/2020,11/30/2020,30-Nov-20,November 2020,By Month,2020,11,0,United States,Total - All Places of Death,30-39 years,458,7676,413,210,2,661,
9/27/2023,11/1/2020,11/30/2020,30-Nov-20,November 2020,By Month,2020,11,0,United States,Total - All Places of Death,40-49 years,1191,11252,970,571,2,1591,
9/27/2023,11/1/2020,11/30/2020,30-Nov-20,November 2020,By Month,2020,11,0,United States,Total - All Places of Death,50-64 years,6658,47449,5464,3475,19,8661,
9/27/2023,11/1/2020,11/30/2020,30-Nov-20,November 2020,By Month,2020,11,0,United States,Total - All Places of Death,65-74 years,11027,60811,8887,5945,32,13985,
9/27/2023,11/1/2020,11/30/2020,30-Nov-20,November 2020,By Month,2020,11,0,United States,Total - All Places of Death,75-84 years,15686,75262,11370,7854,25,19217,
9/27/2023,11/1/2020,11/30/2020,30-Nov-20,November 2020,By Month,2020,11,0,United States,Total - All Places of Death,85 years and over,18049,92080,11008,7168,22,21903,
9/27/2023,12/1/2020,12/31/2020,31-Dec-20,December 2020,By Month,2020,12,0,United States,Total - All Places of Death,All Ages,98175,367209,62920,48326,156,112845,
9/27/2023,12/1/2020,12/31/2020,31-Dec-20,December 2020,By Month,2020,12,0,United States,Total - All Places of Death,0-17 years,34,2686,42,10,1,67,
9/27/2023,12/1/2020,12/31/2020,31-Dec-20,December 2020,By Month,2020,12,0,United States,Total - All Places of Death,18-29 years,275,5454,223,129,1,369,
9/27/2023,12/1/2020,12/31/2020,31-Dec-20,December 2020,By Month,2020,12,0,United States,Total - All Places of Death,30-39 years,836,8048,554,355,5,1036,
9/27/2023,12/1/2020,12/31/2020,31-Dec-20,December 2020,By Month,2020,12,0,United States,Total - All Places of Death,40-49 years,2422,13105,1669,1242,2,2850,
9/27/2023,12/1/2020,12/31/2020,31-Dec-20,December 2020,By Month,2020,12,0,United States,Total - All Places of Death,50-64 years,13005,57451,9297,7022,25,15291,
9/27/2023,12/1/2020,12/31/2020,31-Dec-20,December 2020,By Month,2020,12,0,United States,Total - All Places of Death,65-74 years,20618,74241,14651,11406,37,23881,
9/27/2023,12/1/2020,12/31/2020,31-Dec-20,December 2020,By Month,2020,12,0,United States,Total - All Places of Death,75-84 years,28152,92911,18610,14677,53,32113,
9/27/2023,12/1/2020,12/31/2020,31-Dec-20,December 2020,By Month,2020,12,0,United States,Total - All Places of Death,85 years and over,32831,113288,17870,13483,32,37234,
9/27/2023,1/1/2021,1/31/2021,31-Jan-21,January 2021,By Month,2021,1,0,United States,Total - All Places of Death,All Ages,105566,373642,69849,55416,144,120080,
9/27/2023,1/1/2021,1/31/2021,31-Jan-21,January 2021,By Month,2021,1,0,United States,Total - All Places of Death,0-17 years,51,2855,46,9,1,89,
9/27/2023,1/1/2021,1/31/2021,31-Jan-21,January 2021,By Month,2021,1,0,United States,Total - All Places of Death,18-29 years,366,5648,254,175,4,448,
9/27/2023,1/1/2021,1/31/2021,31-Jan-21,January 2021,By Month,2021,1,0,United States,Total - All Places of Death,30-39 years,1068,8709,737,534,0,1271,
9/27/2023,1/1/2021,1/31/2021,31-Jan-21,January 2021,By Month,2021,1,0,United States,Total - All Places of Death,40-49 years,2840,13669,1909,1490,3,3261,
9/27/2023,1/1/2021,1/31/2021,31-Jan-21,January 2021,By Month,2021,1,0,United States,Total - All Places of Death,50-64 years,15865,60301,11309,9034,27,18158,
9/27/2023,1/1/2021,1/31/2021,31-Jan-21,January 2021,By Month,2021,1,0,United States,Total - All Places of Death,65-74 years,24085,77778,17111,13873,38,27342,
9/27/2023,1/1/2021,1/31/2021,31-Jan-21,January 2021,By Month,2021,1,0,United States,Total - All Places of Death,75-84 years,30105,94169,20282,16379,40,34036,
9/27/2023,1/1/2021,1/31/2021,31-Jan-21,January 2021,By Month,2021,1,0,United States,Total - All Places of Death,85 years and over,31185,110491,18200,13922,31,35473,
9/27/2023,2/1/2021,2/28/2021,28-Feb-21,February 2021,By Month,2021,2,0,United States,Total - All Places of Death,All Ages,48570,282548,38081,26128,90,60580,
9/27/2023,2/1/2021,2/28/2021,28-Feb-21,February 2021,By Month,2021,2,0,United States,Total - All Places of Death,0-17 years,24,2573,47,6,1,66,
9/27/2023,2/1/2021,2/28/2021,28-Feb-21,February 2021,By Month,2021,2,0,United States,Total - All Places of Death,18-29 years,188,4782,168,93,0,263,
9/27/2023,2/1/2021,2/28/2021,28-Feb-21,February 2021,By Month,2021,2,0,United States,Total - All Places of Death,30-39 years,509,7226,395,241,2,665,
9/27/2023,2/1/2021,2/28/2021,28-Feb-21,February 2021,By Month,2021,2,0,United States,Total - All Places of Death,40-49 years,1460,11061,1122,792,3,1792,
9/27/2023,2/1/2021,2/28/2021,28-Feb-21,February 2021,By Month,2021,2,0,United States,Total - All Places of Death,50-64 years,8460,47725,6833,4962,18,10340,
9/27/2023,2/1/2021,2/28/2021,28-Feb-21,February 2021,By Month,2021,2,0,United States,Total - All Places of Death,65-74 years,12034,59904,9598,6936,27,14711,
9/27/2023,2/1/2021,2/28/2021,28-Feb-21,February 2021,By Month,2021,2,0,United States,Total - All Places of Death,75-84 years,13532,69497,10755,7466,23,16839,
9/27/2023,2/1/2021,2/28/2021,28-Feb-21,February 2021,By Month,2021,2,0,United States,Total - All Places of Death,85 years and over,12363,79776,9163,5632,16,15904,
9/27/2023,3/1/2021,3/31/2021,31-Mar-21,March 2021,By Month,2021,3,0,United States,Total - All Places of Death,All Ages,23268,271042,24620,12253,66,35686,
9/27/2023,3/1/2021,3/31/2021,31-Mar-21,March 2021,By Month,2021,3,0,United States,Total - All Places of Death,0-17 years,26,2907,42,4,0,64,
9/27/2023,3/1/2021,3/31/2021,31-Mar-21,March 2021,By Month,2021,3,0,United States,Total - All Places of Death,18-29 years,120,5463,152,58,0,214,
9/27/2023,3/1/2021,3/31/2021,31-Mar-21,March 2021,By Month,2021,3,0,United States,Total - All Places of Death,30-39 years,346,7787,331,165,1,513,
9/27/2023,3/1/2021,3/31/2021,31-Mar-21,March 2021,By Month,2021,3,0,United States,Total - All Places of Death,40-49 years,967,11685,837,481,2,1325,
9/27/2023,3/1/2021,3/31/2021,31-Mar-21,March 2021,By Month,2021,3,0,United States,Total - All Places of Death,50-64 years,4812,46581,4614,2681,22,6759,
9/27/2023,3/1/2021,3/31/2021,31-Mar-21,March 2021,By Month,2021,3,0,United States,Total - All Places of Death,65-74 years,6036,56268,6313,3409,15,8952,
9/27/2023,3/1/2021,3/31/2021,31-Mar-21,March 2021,By Month,2021,3,0,United States,Total - All Places of Death,75-84 years,5984,65493,6579,3186,18,9392,
9/27/2023,3/1/2021,3/31/2021,31-Mar-21,March 2021,By Month,2021,3,0,United States,Total - All Places of Death,85 years and over,4974,74835,5750,2268,8,8463,
9/27/2023,4/1/2021,4/30/2021,30-Apr-21,April 2021,By Month,2021,4,0,United States,Total - All Places of Death,All Ages,18805,257047,21306,9885,47,30262,
9/27/2023,4/1/2021,4/30/2021,30-Apr-21,April 2021,By Month,2021,4,0,United States,Total - All Places of Death,0-17 years,29,2923,46,8,1,68,
9/27/2023,4/1/2021,4/30/2021,30-Apr-21,April 2021,By Month,2021,4,0,United States,Total - All Places of Death,18-29 years,138,5473,132,64,0,206,
9/27/2023,4/1/2021,4/30/2021,30-Apr-21,April 2021,By Month,2021,4,0,United States,Total - All Places of Death,30-39 years,396,7866,357,186,1,567,
9/27/2023,4/1/2021,4/30/2021,30-Apr-21,April 2021,By Month,2021,4,0,United States,Total - All Places of Death,40-49 years,1003,11564,836,514,2,1326,
9/27/2023,4/1/2021,4/30/2021,30-Apr-21,April 2021,By Month,2021,4,0,United States,Total - All Places of Death,50-64 years,4504,45414,4295,2437,16,6374,
9/27/2023,4/1/2021,4/30/2021,30-Apr-21,April 2021,By Month,2021,4,0,United States,Total - All Places of Death,65-74 years,4660,53566,5326,2683,9,7308,
9/27/2023,4/1/2021,4/30/2021,30-Apr-21,April 2021,By Month,2021,4,0,United States,Total - All Places of Death,75-84 years,4437,60794,5448,2340,10,7555,
9/27/2023,4/1/2021,4/30/2021,30-Apr-21,April 2021,By Month,2021,4,0,United States,Total - All Places of Death,85 years and over,3637,69431,4865,1652,8,6857,
9/27/2023,5/1/2021,5/31/2021,31-May-21,May 2021,By Month,2021,5,0,United States,Total - All Places of Death,All Ages,14989,258360,19477,8193,35,26297,
9/27/2023,5/1/2021,5/31/2021,31-May-21,May 2021,By Month,2021,5,0,United States,Total - All Places of Death,0-17 years,29,3115,50,5,1,75,
9/27/2023,5/1/2021,5/31/2021,31-May-21,May 2021,By Month,2021,5,0,United States,Total - All Places of Death,18-29 years,155,5843,136,67,0,224,
9/27/2023,5/1/2021,5/31/2021,31-May-21,May 2021,By Month,2021,5,0,United States,Total - All Places of Death,30-39 years,362,8256,380,197,0,545,
9/27/2023,5/1/2021,5/31/2021,31-May-21,May 2021,By Month,2021,5,0,United States,Total - All Places of Death,40-49 years,860,11557,809,457,2,1214,
9/27/2023,5/1/2021,5/31/2021,31-May-21,May 2021,By Month,2021,5,0,United States,Total - All Places of Death,50-64 years,3833,45681,4099,2183,6,5751,
9/27/2023,5/1/2021,5/31/2021,31-May-21,May 2021,By Month,2021,5,0,United States,Total - All Places of Death,65-74 years,3816,53662,4800,2211,12,6413,
9/27/2023,5/1/2021,5/31/2021,31-May-21,May 2021,By Month,2021,5,0,United States,Total - All Places of Death,75-84 years,3372,60741,4934,1854,9,6458,
9/27/2023,5/1/2021,5/31/2021,31-May-21,May 2021,By Month,2021,5,0,United States,Total - All Places of Death,85 years and over,2562,69486,4269,1219,5,5617,
9/27/2023,6/1/2021,6/30/2021,30-Jun-21,June 2021,By Month,2021,6,0,United States,Total - All Places of Death,All Ages,8024,245269,15625,4361,36,19317,
9/27/2023,6/1/2021,6/30/2021,30-Jun-21,June 2021,By Month,2021,6,0,United States,Total - All Places of Death,0-17 years,18,3049,41,5,2,56,
9/27/2023,6/1/2021,6/30/2021,30-Jun-21,June 2021,By Month,2021,6,0,United States,Total - All Places of Death,18-29 years,71,5711,123,35,0,159,
9/27/2023,6/1/2021,6/30/2021,30-Jun-21,June 2021,By Month,2021,6,0,United States,Total - All Places of Death,30-39 years,202,8091,305,102,3,407,
9/27/2023,6/1/2021,6/30/2021,30-Jun-21,June 2021,By Month,2021,6,0,United States,Total - All Places of Death,40-49 years,532,11198,628,292,1,869,
9/27/2023,6/1/2021,6/30/2021,30-Jun-21,June 2021,By Month,2021,6,0,United States,Total - All Places of Death,50-64 years,2128,43135,3158,1269,11,4025,
9/27/2023,6/1/2021,6/30/2021,30-Jun-21,June 2021,By Month,2021,6,0,United States,Total - All Places of Death,65-74 years,1984,50490,3719,1140,12,4573,
9/27/2023,6/1/2021,6/30/2021,30-Jun-21,June 2021,By Month,2021,6,0,United States,Total - All Places of Death,75-84 years,1736,57738,3986,945,4,4780,
9/27/2023,6/1/2021,6/30/2021,30-Jun-21,June 2021,By Month,2021,6,0,United States,Total - All Places of Death,85 years and over,1353,65832,3664,573,3,4447,
9/27/2023,7/1/2021,7/31/2021,31-Jul-21,July 2021,By Month,2021,7,0,United States,Total - All Places of Death,All Ages,11222,257929,18262,6257,32,23252,
9/27/2023,7/1/2021,7/31/2021,31-Jul-21,July 2021,By Month,2021,7,0,United States,Total - All Places of Death,0-17 years,22,3127,61,4,1,80,
9/27/2023,7/1/2021,7/31/2021,31-Jul-21,July 2021,By Month,2021,7,0,United States,Total - All Places of Death,18-29 years,178,5821,169,83,0,264,
9/27/2023,7/1/2021,7/31/2021,31-Jul-21,July 2021,By Month,2021,7,0,United States,Total - All Places of Death,30-39 years,404,8503,416,206,0,614,
9/27/2023,7/1/2021,7/31/2021,31-Jul-21,July 2021,By Month,2021,7,0,United States,Total - All Places of Death,40-49 years,925,12133,876,507,1,1295,
9/27/2023,7/1/2021,7/31/2021,31-Jul-21,July 2021,By Month,2021,7,0,United States,Total - All Places of Death,50-64 years,2953,45019,3631,1674,8,4916,
9/27/2023,7/1/2021,7/31/2021,31-Jul-21,July 2021,By Month,2021,7,0,United States,Total - All Places of Death,65-74 years,2537,53122,4344,1522,11,5366,
9/27/2023,7/1/2021,7/31/2021,31-Jul-21,July 2021,By Month,2021,7,0,United States,Total - All Places of Death,75-84 years,2368,60711,4522,1368,5,5526,
9/27/2023,7/1/2021,7/31/2021,31-Jul-21,July 2021,By Month,2021,7,0,United States,Total - All Places of Death,85 years and over,1835,69468,4243,893,6,5191,
9/27/2023,8/1/2021,8/31/2021,31-Aug-21,August 2021,By Month,2021,8,0,United States,Total - All Places of Death,All Ages,48822,304054,41897,29177,61,61574,
9/27/2023,8/1/2021,8/31/2021,31-Aug-21,August 2021,By Month,2021,8,0,United States,Total - All Places of Death,0-17 years,106,3105,101,38,1,170,
9/27/2023,8/1/2021,8/31/2021,31-Aug-21,August 2021,By Month,2021,8,0,United States,Total - All Places of Death,18-29 years,734,6384,450,373,0,811,
9/27/2023,8/1/2021,8/31/2021,31-Aug-21,August 2021,By Month,2021,8,0,United States,Total - All Places of Death,30-39 years,2096,10323,1404,1170,2,2331,
9/27/2023,8/1/2021,8/31/2021,31-Aug-21,August 2021,By Month,2021,8,0,United States,Total - All Places of Death,40-49 years,4373,15656,2929,2543,2,4760,
9/27/2023,8/1/2021,8/31/2021,31-Aug-21,August 2021,By Month,2021,8,0,United States,Total - All Places of Death,50-64 years,13235,56972,10093,8025,17,15309,
9/27/2023,8/1/2021,8/31/2021,31-Aug-21,August 2021,By Month,2021,8,0,United States,Total - All Places of Death,65-74 years,11375,63827,10038,7056,13,14365,
9/27/2023,8/1/2021,8/31/2021,31-Aug-21,August 2021,By Month,2021,8,0,United States,Total - All Places of Death,75-84 years,9824,70190,9519,6084,17,13268,
9/27/2023,8/1/2021,8/31/2021,31-Aug-21,August 2021,By Month,2021,8,0,United States,Total - All Places of Death,85 years and over,7078,77571,7361,3887,9,10558,
9/27/2023,9/1/2021,9/30/2021,30-Sep-21,September 2021,By Month,2021,9,0,United States,Total - All Places of Death,All Ages,63444,312516,51087,38295,86,76295,
9/27/2023,9/1/2021,9/30/2021,30-Sep-21,September 2021,By Month,2021,9,0,United States,Total - All Places of Death,0-17 years,120,3092,95,38,1,178,
9/27/2023,9/1/2021,9/30/2021,30-Sep-21,September 2021,By Month,2021,9,0,United States,Total - All Places of Death,18-29 years,775,6227,499,405,2,871,
9/27/2023,9/1/2021,9/30/2021,30-Sep-21,September 2021,By Month,2021,9,0,United States,Total - All Places of Death,30-39 years,2553,10524,1732,1495,3,2792,
9/27/2023,9/1/2021,9/30/2021,30-Sep-21,September 2021,By Month,2021,9,0,United States,Total - All Places of Death,40-49 years,5512,16367,3752,3352,7,5917,
9/27/2023,9/1/2021,9/30/2021,30-Sep-21,September 2021,By Month,2021,9,0,United States,Total - All Places of Death,50-64 years,17849,60189,13235,11107,24,19992,
9/27/2023,9/1/2021,9/30/2021,30-Sep-21,September 2021,By Month,2021,9,0,United States,Total - All Places of Death,65-74 years,15279,66423,12499,9570,23,18223,
9/27/2023,9/1/2021,9/30/2021,30-Sep-21,September 2021,By Month,2021,9,0,United States,Total - All Places of Death,75-84 years,12512,71780,11160,7644,9,16035,
9/27/2023,9/1/2021,9/30/2021,30-Sep-21,September 2021,By Month,2021,9,0,United States,Total - All Places of Death,85 years and over,8843,77887,8113,4683,17,12285,
9/27/2023,10/1/2021,10/31/2021,31-Oct-21,October 2021,By Month,2021,10,0,United States,Total - All Places of Death,All Ages,42606,300219,38648,25391,65,55912,
9/27/2023,10/1/2021,10/31/2021,31-Oct-21,October 2021,By Month,2021,10,0,United States,Total - All Places of Death,0-17 years,61,3074,85,24,4,126,
9/27/2023,10/1/2021,10/31/2021,31-Oct-21,October 2021,By Month,2021,10,0,United States,Total - All Places of Death,18-29 years,476,5967,375,276,0,575,
9/27/2023,10/1/2021,10/31/2021,31-Oct-21,October 2021,By Month,2021,10,0,United States,Total - All Places of Death,30-39 years,1458,9400,1097,886,1,1669,
9/27/2023,10/1/2021,10/31/2021,31-Oct-21,October 2021,By Month,2021,10,0,United States,Total - All Places of Death,40-49 years,3177,14293,2338,1929,0,3586,
9/27/2023,10/1/2021,10/31/2021,31-Oct-21,October 2021,By Month,2021,10,0,United States,Total - All Places of Death,50-64 years,11204,53934,9125,7042,18,13300,
9/27/2023,10/1/2021,10/31/2021,31-Oct-21,October 2021,By Month,2021,10,0,United States,Total - All Places of Death,65-74 years,10463,63085,9593,6609,18,13461,
9/27/2023,10/1/2021,10/31/2021,31-Oct-21,October 2021,By Month,2021,10,0,United States,Total - All Places of Death,75-84 years,8762,70895,8787,5170,18,12393,
9/27/2023,10/1/2021,10/31/2021,31-Oct-21,October 2021,By Month,2021,10,0,United States,Total - All Places of Death,85 years and over,7005,79559,7247,3455,6,10801,
9/27/2023,11/1/2021,11/30/2021,30-Nov-21,November 2021,By Month,2021,11,0,United States,Total - All Places of Death,All Ages,32328,289079,31968,18377,77,45979,
9/27/2023,11/1/2021,11/30/2021,30-Nov-21,November 2021,By Month,2021,11,0,United States,Total - All Places of Death,0-17 years,53,2884,104,19,2,140,
9/27/2023,11/1/2021,11/30/2021,30-Nov-21,November 2021,By Month,2021,11,0,United States,Total - All Places of Death,18-29 years,305,5264,227,146,2,387,
9/27/2023,11/1/2021,11/30/2021,30-Nov-21,November 2021,By Month,2021,11,0,United States,Total - All Places of Death,30-39 years,927,8485,674,477,3,1127,
9/27/2023,11/1/2021,11/30/2021,30-Nov-21,November 2021,By Month,2021,11,0,United States,Total - All Places of Death,40-49 years,1966,12428,1527,1175,7,2323,
9/27/2023,11/1/2021,11/30/2021,30-Nov-21,November 2021,By Month,2021,11,0,United States,Total - All Places of Death,50-64 years,7568,49658,6710,4547,14,9739,
9/27/2023,11/1/2021,11/30/2021,30-Nov-21,November 2021,By Month,2021,11,0,United States,Total - All Places of Death,65-74 years,7878,59999,7820,4764,20,10949,
9/27/2023,11/1/2021,11/30/2021,30-Nov-21,November 2021,By Month,2021,11,0,United States,Total - All Places of Death,75-84 years,7413,70514,8108,4273,18,11264,
9/27/2023,11/1/2021,11/30/2021,30-Nov-21,November 2021,By Month,2021,11,0,United States,Total - All Places of Death,85 years and over,6218,79831,6798,2976,11,10050,
9/27/2023,12/1/2021,12/31/2021,31-Dec-21,December 2021,By Month,2021,12,0,United States,Total - All Places of Death,All Ages,45623,320037,41195,25884,353,61250,
9/27/2023,12/1/2021,12/31/2021,31-Dec-21,December 2021,By Month,2021,12,0,United States,Total - All Places of Death,0-17 years,73,3082,122,21,6,179,
9/27/2023,12/1/2021,12/31/2021,31-Dec-21,December 2021,By Month,2021,12,0,United States,Total - All Places of Death,18-29 years,428,5514,320,215,11,543,
9/27/2023,12/1/2021,12/31/2021,31-Dec-21,December 2021,By Month,2021,12,0,United States,Total - All Places of Death,30-39 years,1256,8981,874,647,11,1492,
9/27/2023,12/1/2021,12/31/2021,31-Dec-21,December 2021,By Month,2021,12,0,United States,Total - All Places of Death,40-49 years,2603,13899,1904,1433,13,3085,
9/27/2023,12/1/2021,12/31/2021,31-Dec-21,December 2021,By Month,2021,12,0,United States,Total - All Places of Death,50-64 years,10774,55592,8632,6248,56,13204,
9/27/2023,12/1/2021,12/31/2021,31-Dec-21,December 2021,By Month,2021,12,0,United States,Total - All Places of Death,65-74 years,11556,67661,10398,6949,80,15074,
9/27/2023,12/1/2021,12/31/2021,31-Dec-21,December 2021,By Month,2021,12,0,United States,Total - All Places of Death,75-84 years,10729,78156,10384,6230,88,14964,
9/27/2023,12/1/2021,12/31/2021,31-Dec-21,December 2021,By Month,2021,12,0,United States,Total - All Places of Death,85 years and over,8203,87129,8560,4140,88,12708,
9/27/2023,1/1/2022,1/31/2022,31-Jan-22,January 2022,By Month,2022,1,0,United States,Total - All Places of Death,All Ages,84015,370281,59486,43700,627,100277,
9/27/2023,1/1/2022,1/31/2022,31-Jan-22,January 2022,By Month,2022,1,0,United States,Total - All Places of Death,0-17 years,185,2959,92,38,7,241,
9/27/2023,1/1/2022,1/31/2022,31-Jan-22,January 2022,By Month,2022,1,0,United States,Total - All Places of Death,18-29 years,621,5530,366,260,11,737,
9/27/2023,1/1/2022,1/31/2022,31-Jan-22,January 2022,By Month,2022,1,0,United States,Total - All Places of Death,30-39 years,1532,9321,937,721,20,1764,
9/27/2023,1/1/2022,1/31/2022,31-Jan-22,January 2022,By Month,2022,1,0,United States,Total - All Places of Death,40-49 years,3640,14863,2270,1840,22,4084,
9/27/2023,1/1/2022,1/31/2022,31-Jan-22,January 2022,By Month,2022,1,0,United States,Total - All Places of Death,50-64 years,16309,62014,11110,8713,98,18782,
9/27/2023,1/1/2022,1/31/2022,31-Jan-22,January 2022,By Month,2022,1,0,United States,Total - All Places of Death,65-74 years,19509,77440,14426,10907,121,23113,
9/27/2023,1/1/2022,1/31/2022,31-Jan-22,January 2022,By Month,2022,1,0,United States,Total - All Places of Death,75-84 years,21830,92752,16179,11706,177,26438,
9/27/2023,1/1/2022,1/31/2022,31-Jan-22,January 2022,By Month,2022,1,0,United States,Total - All Places of Death,85 years and over,20385,105366,14104,9514,171,25113,
9/27/2023,2/1/2022,2/28/2022,28-Feb-22,February 2022,By Month,2022,2,0,United States,Total - All Places of Death,All Ages,50298,290985,38840,26305,294,63037,
9/27/2023,2/1/2022,2/28/2022,28-Feb-22,February 2022,By Month,2022,2,0,United States,Total - All Places of Death,0-17 years,100,2716,87,31,9,163,
9/27/2023,2/1/2022,2/28/2022,28-Feb-22,February 2022,By Month,2022,2,0,United States,Total - All Places of Death,18-29 years,231,4811,167,98,2,301,
9/27/2023,2/1/2022,2/28/2022,28-Feb-22,February 2022,By Month,2022,2,0,United States,Total - All Places of Death,30-39 years,724,7633,514,342,11,903,
9/27/2023,2/1/2022,2/28/2022,28-Feb-22,February 2022,By Month,2022,2,0,United States,Total - All Places of Death,40-49 years,1575,11261,1178,794,8,1960,
9/27/2023,2/1/2022,2/28/2022,28-Feb-22,February 2022,By Month,2022,2,0,United States,Total - All Places of Death,50-64 years,8800,47272,6798,4881,46,10746,
9/27/2023,2/1/2022,2/28/2022,28-Feb-22,February 2022,By Month,2022,2,0,United States,Total - All Places of Death,65-74 years,12357,60969,9926,7077,61,15247,
9/27/2023,2/1/2022,2/28/2022,28-Feb-22,February 2022,By Month,2022,2,0,United States,Total - All Places of Death,75-84 years,14034,74022,10984,7473,76,17601,
9/27/2023,2/1/2022,2/28/2022,28-Feb-22,February 2022,By Month,2022,2,0,United States,Total - All Places of Death,85 years and over,12477,82286,9185,5609,81,16115,
9/27/2023,3/1/2022,3/31/2022,31-Mar-22,March 2022,By Month,2022,3,0,United States,Total - All Places of Death,All Ages,15627,268873,20062,7248,318,28725,
9/27/2023,3/1/2022,3/31/2022,31-Mar-22,March 2022,By Month,2022,3,0,United States,Total - All Places of Death,0-17 years,64,2993,78,15,6,133,
9/27/2023,3/1/2022,3/31/2022,31-Mar-22,March 2022,By Month,2022,3,0,United States,Total - All Places of Death,18-29 years,90,5100,106,25,8,178,
9/27/2023,3/1/2022,3/31/2022,31-Mar-22,March 2022,By Month,2022,3,0,United States,Total - All Places of Death,30-39 years,217,7792,272,84,4,408,
9/27/2023,3/1/2022,3/31/2022,31-Mar-22,March 2022,By Month,2022,3,0,United States,Total - All Places of Death,40-49 years,451,11135,557,226,13,795,
9/27/2023,3/1/2022,3/31/2022,31-Mar-22,March 2022,By Month,2022,3,0,United States,Total - All Places of Death,50-64 years,2626,43849,3306,1348,48,4620,
9/27/2023,3/1/2022,3/31/2022,31-Mar-22,March 2022,By Month,2022,3,0,United States,Total - All Places of Death,65-74 years,3888,55201,4864,2008,67,6800,
9/27/2023,3/1/2022,3/31/2022,31-Mar-22,March 2022,By Month,2022,3,0,United States,Total - All Places of Death,75-84 years,4333,67143,5803,2086,80,8124,
9/27/2023,3/1/2022,3/31/2022,31-Mar-22,March 2022,By Month,2022,3,0,United States,Total - All Places of Death,85 years and over,3958,75635,5076,1456,92,7667,
9/27/2023,4/1/2022,4/30/2022,30-Apr-22,April 2022,By Month,2022,4,0,United States,Total - All Places of Death,All Ages,6265,246758,14471,2244,407,18870,
9/27/2023,4/1/2022,4/30/2022,30-Apr-22,April 2022,By Month,2022,4,0,United States,Total - All Places of Death,0-17 years,31,2898,61,6,11,94,
9/27/2023,4/1/2022,4/30/2022,30-Apr-22,April 2022,By Month,2022,4,0,United States,Total - All Places of Death,18-29 years,52,4817,85,16,6,125,
9/27/2023,4/1/2022,4/30/2022,30-Apr-22,April 2022,By Month,2022,4,0,United States,Total - All Places of Death,30-39 years,97,7312,202,33,10,276,
9/27/2023,4/1/2022,4/30/2022,30-Apr-22,April 2022,By Month,2022,4,0,United States,Total - All Places of Death,40-49 years,201,10345,404,73,12,544,
9/27/2023,4/1/2022,4/30/2022,30-Apr-22,April 2022,By Month,2022,4,0,United States,Total - All Places of Death,50-64 years,952,40198,2297,398,50,2899,
9/27/2023,4/1/2022,4/30/2022,30-Apr-22,April 2022,By Month,2022,4,0,United States,Total - All Places of Death,65-74 years,1257,50062,3338,502,79,4165,
9/27/2023,4/1/2022,4/30/2022,30-Apr-22,April 2022,By Month,2022,4,0,United States,Total - All Places of Death,75-84 years,1728,61605,4074,635,110,5273,
9/27/2023,4/1/2022,4/30/2022,30-Apr-22,April 2022,By Month,2022,4,0,United States,Total - All Places of Death,85 years and over,1947,69500,4010,581,129,5494,
9/27/2023,5/1/2022,5/31/2022,31-May-22,May 2022,By Month,2022,5,0,United States,Total - All Places of Death,All Ages,7633,255107,15055,2528,388,20522,
9/27/2023,5/1/2022,5/31/2022,31-May-22,May 2022,By Month,2022,5,0,United States,Total - All Places of Death,0-17 years,46,3152,86,13,12,130,
9/27/2023,5/1/2022,5/31/2022,31-May-22,May 2022,By Month,2022,5,0,United States,Total - All Places of Death,18-29 years,46,5237,105,13,2,140,
9/27/2023,5/1/2022,5/31/2022,31-May-22,May 2022,By Month,2022,5,0,United States,Total - All Places of Death,30-39 years,126,7648,242,32,7,343,
9/27/2023,5/1/2022,5/31/2022,31-May-22,May 2022,By Month,2022,5,0,United States,Total - All Places of Death,40-49 years,215,10769,441,72,14,595,
9/27/2023,5/1/2022,5/31/2022,31-May-22,May 2022,By Month,2022,5,0,United States,Total - All Places of Death,50-64 years,905,41428,2235,303,55,2886,
9/27/2023,5/1/2022,5/31/2022,31-May-22,May 2022,By Month,2022,5,0,United States,Total - All Places of Death,65-74 years,1432,51501,3320,497,75,4328,
9/27/2023,5/1/2022,5/31/2022,31-May-22,May 2022,By Month,2022,5,0,United States,Total - All Places of Death,75-84 years,2013,63434,4275,709,106,5677,
9/27/2023,5/1/2022,5/31/2022,31-May-22,May 2022,By Month,2022,5,0,United States,Total - All Places of Death,85 years and over,2850,71920,4350,889,117,6422,
9/27/2023,6/1/2022,6/30/2022,30-Jun-22,June 2022,By Month,2022,6,0,United States,Total - All Places of Death,All Ages,9539,249000,15140,3335,266,21586,
9/27/2023,6/1/2022,6/30/2022,30-Jun-22,June 2022,By Month,2022,6,0,United States,Total - All Places of Death,0-17 years,40,3195,73,8,13,116,
9/27/2023,6/1/2022,6/30/2022,30-Jun-22,June 2022,By Month,2022,6,0,United States,Total - All Places of Death,18-29 years,50,5246,103,22,6,136,
9/27/2023,6/1/2022,6/30/2022,30-Jun-22,June 2022,By Month,2022,6,0,United States,Total - All Places of Death,30-39 years,129,7706,220,41,6,314,
9/27/2023,6/1/2022,6/30/2022,30-Jun-22,June 2022,By Month,2022,6,0,United States,Total - All Places of Death,40-49 years,219,10706,440,71,12,600,
9/27/2023,6/1/2022,6/30/2022,30-Jun-22,June 2022,By Month,2022,6,0,United States,Total - All Places of Death,50-64 years,1091,40732,2196,389,36,2929,
9/27/2023,6/1/2022,6/30/2022,30-Jun-22,June 2022,By Month,2022,6,0,United States,Total - All Places of Death,65-74 years,1627,50047,3291,584,51,4382,
9/27/2023,6/1/2022,6/30/2022,30-Jun-22,June 2022,By Month,2022,6,0,United States,Total - All Places of Death,75-84 years,2664,61674,4307,996,58,6028,
9/27/2023,6/1/2022,6/30/2022,30-Jun-22,June 2022,By Month,2022,6,0,United States,Total - All Places of Death,85 years and over,3719,69672,4510,1224,84,7081,
9/27/2023,7/1/2022,7/31/2022,31-Jul-22,July 2022,By Month,2022,7,0,United States,Total - All Places of Death,All Ages,13393,261005,16406,4572,109,25316,
9/27/2023,7/1/2022,7/31/2022,31-Jul-22,July 2022,By Month,2022,7,0,United States,Total - All Places of Death,0-17 years,56,3320,56,9,6,108,
9/27/2023,7/1/2022,7/31/2022,31-Jul-22,July 2022,By Month,2022,7,0,United States,Total - All Places of Death,18-29 years,59,5439,95,13,0,141,
9/27/2023,7/1/2022,7/31/2022,31-Jul-22,July 2022,By Month,2022,7,0,United States,Total - All Places of Death,30-39 years,182,8220,234,45,4,375,
9/27/2023,7/1/2022,7/31/2022,31-Jul-22,July 2022,By Month,2022,7,0,United States,Total - All Places of Death,40-49 years,327,11296,458,102,4,687,
9/27/2023,7/1/2022,7/31/2022,31-Jul-22,July 2022,By Month,2022,7,0,United States,Total - All Places of Death,50-64 years,1533,42389,2389,513,14,3421,
9/27/2023,7/1/2022,7/31/2022,31-Jul-22,July 2022,By Month,2022,7,0,United States,Total - All Places of Death,65-74 years,2420,52619,3609,899,23,5146,
9/27/2023,7/1/2022,7/31/2022,31-Jul-22,July 2022,By Month,2022,7,0,United States,Total - All Places of Death,75-84 years,3709,64446,4629,1330,22,7029,
9/27/2023,7/1/2022,7/31/2022,31-Jul-22,July 2022,By Month,2022,7,0,United States,Total - All Places of Death,85 years and over,5107,73249,4935,1661,36,8408,
9/27/2023,8/1/2022,8/31/2022,31-Aug-22,August 2022,By Month,2022,8,0,United States,Total - All Places of Death,All Ages,14139,259789,16621,4965,68,25847,
9/27/2023,8/1/2022,8/31/2022,31-Aug-22,August 2022,By Month,2022,8,0,United States,Total - All Places of Death,0-17 years,66,3202,67,15,4,122,
9/27/2023,8/1/2022,8/31/2022,31-Aug-22,August 2022,By Month,2022,8,0,United States,Total - All Places of Death,18-29 years,77,5258,91,20,0,148,
9/27/2023,8/1/2022,8/31/2022,31-Aug-22,August 2022,By Month,2022,8,0,United States,Total - All Places of Death,30-39 years,162,7915,221,49,3,337,
9/27/2023,8/1/2022,8/31/2022,31-Aug-22,August 2022,By Month,2022,8,0,United States,Total - All Places of Death,40-49 years,336,10879,421,102,3,658,
9/27/2023,8/1/2022,8/31/2022,31-Aug-22,August 2022,By Month,2022,8,0,United States,Total - All Places of Death,50-64 years,1555,41405,2367,530,9,3398,
9/27/2023,8/1/2022,8/31/2022,31-Aug-22,August 2022,By Month,2022,8,0,United States,Total - All Places of Death,65-74 years,2711,52790,3861,1040,10,5538,
9/27/2023,8/1/2022,8/31/2022,31-Aug-22,August 2022,By Month,2022,8,0,United States,Total - All Places of Death,75-84 years,3978,65190,4737,1497,14,7229,
9/27/2023,8/1/2022,8/31/2022,31-Aug-22,August 2022,By Month,2022,8,0,United States,Total - All Places of Death,85 years and over,5253,73105,4856,1712,25,8416,
9/27/2023,9/1/2022,9/30/2022,30-Sep-22,September 2022,By Month,2022,9,0,United States,Total - All Places of Death,All Ages,11125,251639,15420,3776,80,22834,
9/27/2023,9/1/2022,9/30/2022,30-Sep-22,September 2022,By Month,2022,9,0,United States,Total - All Places of Death,0-17 years,42,3004,78,9,1,112,
9/27/2023,9/1/2022,9/30/2022,30-Sep-22,September 2022,By Month,2022,9,0,United States,Total - All Places of Death,18-29 years,53,4926,71,9,1,116,
9/27/2023,9/1/2022,9/30/2022,30-Sep-22,September 2022,By Month,2022,9,0,United States,Total - All Places of Death,30-39 years,93,7644,202,25,0,270,
9/27/2023,9/1/2022,9/30/2022,30-Sep-22,September 2022,By Month,2022,9,0,United States,Total - All Places of Death,40-49 years,248,10636,457,72,3,636,
9/27/2023,9/1/2022,9/30/2022,30-Sep-22,September 2022,By Month,2022,9,0,United States,Total - All Places of Death,50-64 years,1207,40450,2282,452,17,3050,
9/27/2023,9/1/2022,9/30/2022,30-Sep-22,September 2022,By Month,2022,9,0,United States,Total - All Places of Death,65-74 years,2115,50976,3476,800,17,4807,
9/27/2023,9/1/2022,9/30/2022,30-Sep-22,September 2022,By Month,2022,9,0,United States,Total - All Places of Death,75-84 years,3155,63074,4382,1053,26,6505,
9/27/2023,9/1/2022,9/30/2022,30-Sep-22,September 2022,By Month,2022,9,0,United States,Total - All Places of Death,85 years and over,4212,70903,4471,1356,15,7337,
9/27/2023,10/1/2022,10/31/2022,31-Oct-22,October 2022,By Month,2022,10,0,United States,Total - All Places of Death,All Ages,9713,265706,16193,3232,279,22935,
9/27/2023,10/1/2022,10/31/2022,31-Oct-22,October 2022,By Month,2022,10,0,United States,Total - All Places of Death,0-17 years,43,3227,84,17,17,126,
9/27/2023,10/1/2022,10/31/2022,31-Oct-22,October 2022,By Month,2022,10,0,United States,Total - All Places of Death,18-29 years,42,5048,78,12,4,112,
9/27/2023,10/1/2022,10/31/2022,31-Oct-22,October 2022,By Month,2022,10,0,United States,Total - All Places of Death,30-39 years,85,7595,229,19,11,306,
9/27/2023,10/1/2022,10/31/2022,31-Oct-22,October 2022,By Month,2022,10,0,United States,Total - All Places of Death,40-49 years,190,10782,450,58,15,597,
9/27/2023,10/1/2022,10/31/2022,31-Oct-22,October 2022,By Month,2022,10,0,United States,Total - All Places of Death,50-64 years,996,41705,2252,337,67,2972,
9/27/2023,10/1/2022,10/31/2022,31-Oct-22,October 2022,By Month,2022,10,0,United States,Total - All Places of Death,65-74 years,1744,53704,3621,639,55,4778,
9/27/2023,10/1/2022,10/31/2022,31-Oct-22,October 2022,By Month,2022,10,0,United States,Total - All Places of Death,75-84 years,2828,66970,4682,976,60,6591,
9/27/2023,10/1/2022,10/31/2022,31-Oct-22,October 2022,By Month,2022,10,0,United States,Total - All Places of Death,85 years and over,3785,76651,4796,1174,50,7452,
9/27/2023,11/1/2022,11/30/2022,30-Nov-22,November 2022,By Month,2022,11,0,United States,Total - All Places of Death,All Ages,10036,268815,17497,3388,1455,25523,
9/27/2023,11/1/2022,11/30/2022,30-Nov-22,November 2022,By Month,2022,11,0,United States,Total - All Places of Death,0-17 years,31,3164,104,6,66,193,
9/27/2023,11/1/2022,11/30/2022,30-Nov-22,November 2022,By Month,2022,11,0,United States,Total - All Places of Death,18-29 years,35,4817,111,9,35,170,
9/27/2023,11/1/2022,11/30/2022,30-Nov-22,November 2022,By Month,2022,11,0,United States,Total - All Places of Death,30-39 years,106,7499,230,30,52,356,
9/27/2023,11/1/2022,11/30/2022,30-Nov-22,November 2022,By Month,2022,11,0,United States,Total - All Places of Death,40-49 years,199,10995,460,35,88,707,
9/27/2023,11/1/2022,11/30/2022,30-Nov-22,November 2022,By Month,2022,11,0,United States,Total - All Places of Death,50-64 years,982,42386,2463,328,267,3372,
9/27/2023,11/1/2022,11/30/2022,30-Nov-22,November 2022,By Month,2022,11,0,United States,Total - All Places of Death,65-74 years,1817,54418,3836,670,307,5280,
9/27/2023,11/1/2022,11/30/2022,30-Nov-22,November 2022,By Month,2022,11,0,United States,Total - All Places of Death,75-84 years,2933,68519,5005,1069,332,7179,
9/27/2023,11/1/2022,11/30/2022,30-Nov-22,November 2022,By Month,2022,11,0,United States,Total - All Places of Death,85 years and over,3933,76999,5288,1241,308,8266,
9/27/2023,12/1/2022,12/31/2022,31-Dec-22,December 2022,By Month,2022,12,0,United States,Total - All Places of Death,All Ages,14383,301278,22469,5101,4460,35952,
9/27/2023,12/1/2022,12/31/2022,31-Dec-22,December 2022,By Month,2022,12,0,United States,Total - All Places of Death,0-17 years,44,3196,98,9,81,211,
9/27/2023,12/1/2022,12/31/2022,31-Dec-22,December 2022,By Month,2022,12,0,United States,Total - All Places of Death,18-29 years,68,5048,135,21,55,231,
9/27/2023,12/1/2022,12/31/2022,31-Dec-22,December 2022,By Month,2022,12,0,United States,Total - All Places of Death,30-39 years,136,8156,291,40,109,495,
9/27/2023,12/1/2022,12/31/2022,31-Dec-22,December 2022,By Month,2022,12,0,United States,Total - All Places of Death,40-49 years,269,11677,553,75,164,900,
9/27/2023,12/1/2022,12/31/2022,31-Dec-22,December 2022,By Month,2022,12,0,United States,Total - All Places of Death,50-64 years,1365,46591,3019,467,780,4663,
9/27/2023,12/1/2022,12/31/2022,31-Dec-22,December 2022,By Month,2022,12,0,United States,Total - All Places of Death,65-74 years,2628,60722,4901,1016,919,7375,
9/27/2023,12/1/2022,12/31/2022,31-Dec-22,December 2022,By Month,2022,12,0,United States,Total - All Places of Death,75-84 years,4178,77323,6497,1568,1114,10149,
9/27/2023,12/1/2022,12/31/2022,31-Dec-22,December 2022,By Month,2022,12,0,United States,Total - All Places of Death,85 years and over,5695,88544,6974,1905,1238,11927,
9/27/2023,1/1/2023,1/31/2023,31-Jan-23,January 2023,By Month,2023,1,0,United States,Total - All Places of Death,All Ages,14877,289362,22240,5607,2238,33580,
9/27/2023,1/1/2023,1/31/2023,31-Jan-23,January 2023,By Month,2023,1,0,United States,Total - All Places of Death,0-17 years,45,3086,109,10,36,176,
9/27/2023,1/1/2023,1/31/2023,31-Jan-23,January 2023,By Month,2023,1,0,United States,Total - All Places of Death,18-29 years,57,4881,115,20,18,169,
9/27/2023,1/1/2023,1/31/2023,31-Jan-23,January 2023,By Month,2023,1,0,United States,Total - All Places of Death,30-39 years,118,7577,288,41,34,398,
9/27/2023,1/1/2023,1/31/2023,31-Jan-23,January 2023,By Month,2023,1,0,United States,Total - All Places of Death,40-49 years,246,11380,564,77,65,790,
9/27/2023,1/1/2023,1/31/2023,31-Jan-23,January 2023,By Month,2023,1,0,United States,Total - All Places of Death,50-64 years,1399,44098,2958,544,347,4141,
9/27/2023,1/1/2023,1/31/2023,31-Jan-23,January 2023,By Month,2023,1,0,United States,Total - All Places of Death,65-74 years,2750,58129,4818,1154,454,6827,
9/27/2023,1/1/2023,1/31/2023,31-Jan-23,January 2023,By Month,2023,1,0,United States,Total - All Places of Death,75-84 years,4345,74369,6491,1720,619,9691,
9/27/2023,1/1/2023,1/31/2023,31-Jan-23,January 2023,By Month,2023,1,0,United States,Total - All Places of Death,85 years and over,5917,85821,6897,2041,665,11388,
9/27/2023,2/1/2023,2/28/2023,28-Feb-23,February 2023,By Month,2023,2,0,United States,Total - All Places of Death,All Ages,8985,249084,16874,3323,423,22910,
9/27/2023,2/1/2023,2/28/2023,28-Feb-23,February 2023,By Month,2023,2,0,United States,Total - All Places of Death,0-17 years,25,2693,72,5,13,104,
9/27/2023,2/1/2023,2/28/2023,28-Feb-23,February 2023,By Month,2023,2,0,United States,Total - All Places of Death,18-29 years,28,4236,94,6,3,119,
9/27/2023,2/1/2023,2/28/2023,28-Feb-23,February 2023,By Month,2023,2,0,United States,Total - All Places of Death,30-39 years,82,6714,193,22,7,260,
9/27/2023,2/1/2023,2/28/2023,28-Feb-23,February 2023,By Month,2023,2,0,United States,Total - All Places of Death,40-49 years,169,9993,423,51,9,549,
9/27/2023,2/1/2023,2/28/2023,28-Feb-23,February 2023,By Month,2023,2,0,United States,Total - All Places of Death,50-64 years,893,38346,2249,317,49,2867,
9/27/2023,2/1/2023,2/28/2023,28-Feb-23,February 2023,By Month,2023,2,0,United States,Total - All Places of Death,65-74 years,1635,50147,3699,652,100,4772,
9/27/2023,2/1/2023,2/28/2023,28-Feb-23,February 2023,By Month,2023,2,0,United States,Total - All Places of Death,75-84 years,2768,64452,5065,1099,135,6852,
9/27/2023,2/1/2023,2/28/2023,28-Feb-23,February 2023,By Month,2023,2,0,United States,Total - All Places of Death,85 years and over,3385,72488,5079,1171,107,7387,
9/27/2023,3/1/2023,3/31/2023,31-Mar-23,March 2023,By Month,2023,3,0,United States,Total - All Places of Death,All Ages,7593,269173,17115,2697,240,22222,
9/27/2023,3/1/2023,3/31/2023,31-Mar-23,March 2023,By Month,2023,3,0,United States,Total - All Places of Death,0-17 years,28,3113,85,6,7,114,
9/27/2023,3/1/2023,3/31/2023,31-Mar-23,March 2023,By Month,2023,3,0,United States,Total - All Places of Death,18-29 years,27,4661,106,7,3,129,
9/27/2023,3/1/2023,3/31/2023,31-Mar-23,March 2023,By Month,2023,3,0,United States,Total - All Places of Death,30-39 years,58,7577,258,26,11,299,
9/27/2023,3/1/2023,3/31/2023,31-Mar-23,March 2023,By Month,2023,3,0,United States,Total - All Places of Death,40-49 years,121,10536,448,44,7,531,
9/27/2023,3/1/2023,3/31/2023,31-Mar-23,March 2023,By Month,2023,3,0,United States,Total - All Places of Death,50-64 years,667,41458,2266,244,39,2725,
9/27/2023,3/1/2023,3/31/2023,31-Mar-23,March 2023,By Month,2023,3,0,United States,Total - All Places of Death,65-74 years,1354,54638,3787,525,42,4652,
9/27/2023,3/1/2023,3/31/2023,31-Mar-23,March 2023,By Month,2023,3,0,United States,Total - All Places of Death,75-84 years,2325,68916,5065,880,67,6569,
9/27/2023,3/1/2023,3/31/2023,31-Mar-23,March 2023,By Month,2023,3,0,United States,Total - All Places of Death,85 years and over,3013,78261,5100,965,64,7203,
9/27/2023,4/1/2023,4/30/2023,30-Apr-23,April 2023,By Month,2023,4,0,United States,Total - All Places of Death,All Ages,5150,251959,15473,1851,175,18930,
9/27/2023,4/1/2023,4/30/2023,30-Apr-23,April 2023,By Month,2023,4,0,United States,Total - All Places of Death,0-17 years,6,2928,65,2,4,73,
9/27/2023,4/1/2023,4/30/2023,30-Apr-23,April 2023,By Month,2023,4,0,United States,Total - All Places of Death,18-29 years,20,4785,97,4,0,113,
9/27/2023,4/1/2023,4/30/2023,30-Apr-23,April 2023,By Month,2023,4,0,United States,Total - All Places of Death,30-39 years,47,7234,228,18,3,260,
9/27/2023,4/1/2023,4/30/2023,30-Apr-23,April 2023,By Month,2023,4,0,United States,Total - All Places of Death,40-49 years,83,10240,408,28,5,468,
9/27/2023,4/1/2023,4/30/2023,30-Apr-23,April 2023,By Month,2023,4,0,United States,Total - All Places of Death,50-64 years,469,39540,2226,195,26,2525,
9/27/2023,4/1/2023,4/30/2023,30-Apr-23,April 2023,By Month,2023,4,0,United States,Total - All Places of Death,65-74 years,931,50892,3414,353,36,4020,
9/27/2023,4/1/2023,4/30/2023,30-Apr-23,April 2023,By Month,2023,4,0,United States,Total - All Places of Death,75-84 years,1540,64299,4624,592,46,5614,
9/27/2023,4/1/2023,4/30/2023,30-Apr-23,April 2023,By Month,2023,4,0,United States,Total - All Places of Death,85 years and over,2054,72026,4411,659,55,5857,
9/27/2023,5/1/2023,5/31/2023,31-May-23,May 2023,By Month,2023,5,0,United States,Total - All Places of Death,All Ages,3518,252046,14429,1292,158,16799,
9/27/2023,5/1/2023,5/31/2023,31-May-23,May 2023,By Month,2023,5,0,United States,Total - All Places of Death,0-17 years,10,3048,67,2,7,82,
9/27/2023,5/1/2023,5/31/2023,31-May-23,May 2023,By Month,2023,5,0,United States,Total - All Places of Death,18-29 years,16,4978,88,4,2,102,
9/27/2023,5/1/2023,5/31/2023,31-May-23,May 2023,By Month,2023,5,0,United States,Total - All Places of Death,30-39 years,20,7404,202,7,4,219,
9/27/2023,5/1/2023,5/31/2023,31-May-23,May 2023,By Month,2023,5,0,United States,Total - All Places of Death,40-49 years,70,10670,393,28,8,442,
9/27/2023,5/1/2023,5/31/2023,31-May-23,May 2023,By Month,2023,5,0,United States,Total - All Places of Death,50-64 years,337,39589,2122,135,26,2349,
9/27/2023,5/1/2023,5/31/2023,31-May-23,May 2023,By Month,2023,5,0,United States,Total - All Places of Death,65-74 years,620,51246,3155,259,30,3545,
9/27/2023,5/1/2023,5/31/2023,31-May-23,May 2023,By Month,2023,5,0,United States,Total - All Places of Death,75-84 years,1076,64480,4271,396,37,4983,
9/27/2023,5/1/2023,5/31/2023,31-May-23,May 2023,By Month,2023,5,0,United States,Total - All Places of Death,85 years and over,1369,70621,4131,461,44,5077,
9/27/2023,6/1/2023,6/30/2023,30-Jun-23,June 2023,By Month,2023,6,0,United States,Total - All Places of Death,All Ages,2547,240140,13010,889,119,14780,
9/27/2023,6/1/2023,6/30/2023,30-Jun-23,June 2023,By Month,2023,6,0,United States,Total - All Places of Death,0-17 years,7,2928,65,3,5,74,
9/27/2023,6/1/2023,6/30/2023,30-Jun-23,June 2023,By Month,2023,6,0,United States,Total - All Places of Death,18-29 years,7,4701,84,0,3,94,
9/27/2023,6/1/2023,6/30/2023,30-Jun-23,June 2023,By Month,2023,6,0,United States,Total - All Places of Death,30-39 years,20,7123,185,3,1,202,
9/27/2023,6/1/2023,6/30/2023,30-Jun-23,June 2023,By Month,2023,6,0,United States,Total - All Places of Death,40-49 years,36,10263,371,12,4,398,
9/27/2023,6/1/2023,6/30/2023,30-Jun-23,June 2023,By Month,2023,6,0,United States,Total - All Places of Death,50-64 years,248,37827,1864,85,14,2041,
9/27/2023,6/1/2023,6/30/2023,30-Jun-23,June 2023,By Month,2023,6,0,United States,Total - All Places of Death,65-74 years,446,49011,2993,166,21,3291,
9/27/2023,6/1/2023,6/30/2023,30-Jun-23,June 2023,By Month,2023,6,0,United States,Total - All Places of Death,75-84 years,786,61348,3708,299,35,4228,
9/27/2023,6/1/2023,6/30/2023,30-Jun-23,June 2023,By Month,2023,6,0,United States,Total - All Places of Death,85 years and over,997,66917,3740,321,36,4452,
9/27/2023,7/1/2023,7/31/2023,31-Jul-23,July 2023,By Month,2023,7,0,United States,Total - All Places of Death,All Ages,2295,244278,12392,839,90,13933,
9/27/2023,7/1/2023,7/31/2023,31-Jul-23,July 2023,By Month,2023,7,0,United States,Total - All Places of Death,0-17 years,3,2881,29,2,3,33,
9/27/2023,7/1/2023,7/31/2023,31-Jul-23,July 2023,By Month,2023,7,0,United States,Total - All Places of Death,18-29 years,6,4795,70,1,1,76,
9/27/2023,7/1/2023,7/31/2023,31-Jul-23,July 2023,By Month,2023,7,0,United States,Total - All Places of Death,30-39 years,23,7550,180,13,3,193,
9/27/2023,7/1/2023,7/31/2023,31-Jul-23,July 2023,By Month,2023,7,0,United States,Total - All Places of Death,40-49 years,32,10510,322,8,5,351,
9/27/2023,7/1/2023,7/31/2023,31-Jul-23,July 2023,By Month,2023,7,0,United States,Total - All Places of Death,50-64 years,198,38890,1807,73,12,1944,
9/27/2023,7/1/2023,7/31/2023,31-Jul-23,July 2023,By Month,2023,7,0,United States,Total - All Places of Death,65-74 years,384,50134,2807,149,19,3060,
9/27/2023,7/1/2023,7/31/2023,31-Jul-23,July 2023,By Month,2023,7,0,United States,Total - All Places of Death,75-84 years,711,62042,3667,299,32,4109,
9/27/2023,7/1/2023,7/31/2023,31-Jul-23,July 2023,By Month,2023,7,0,United States,Total - All Places of Death,85 years and over,938,67464,3510,294,15,4167,
9/27/2023,8/1/2023,8/31/2023,31-Aug-23,August 2023,By Month,2023,8,0,United States,Total - All Places of Death,All Ages,3844,238615,12781,1494,91,15212,
9/27/2023,8/1/2023,8/31/2023,31-Aug-23,August 2023,By Month,2023,8,0,United States,Total - All Places of Death,0-17 years,13,2566,28,1,0,40,
9/27/2023,8/1/2023,8/31/2023,31-Aug-23,August 2023,By Month,2023,8,0,United States,Total - All Places of Death,18-29 years,15,4193,63,8,3,73,
9/27/2023,8/1/2023,8/31/2023,31-Aug-23,August 2023,By Month,2023,8,0,United States,Total - All Places of Death,30-39 years,37,6544,152,14,1,176,
9/27/2023,8/1/2023,8/31/2023,31-Aug-23,August 2023,By Month,2023,8,0,United States,Total - All Places of Death,40-49 years,44,9663,296,15,3,328,
9/27/2023,8/1/2023,8/31/2023,31-Aug-23,August 2023,By Month,2023,8,0,United States,Total - All Places of Death,50-64 years,345,36557,1775,133,16,2002,
9/27/2023,8/1/2023,8/31/2023,31-Aug-23,August 2023,By Month,2023,8,0,United States,Total - All Places of Death,65-74 years,637,48778,2922,260,21,3316,
9/27/2023,8/1/2023,8/31/2023,31-Aug-23,August 2023,By Month,2023,8,0,United States,Total - All Places of Death,75-84 years,1212,62477,3768,497,29,4508,
9/27/2023,8/1/2023,8/31/2023,31-Aug-23,August 2023,By Month,2023,8,0,United States,Total - All Places of Death,85 years and over,1541,67820,3777,566,18,4769,
9/27/2023,9/1/2023,9/23/2023,23-Sep-23,September 2023,By Month,2023,9,0,United States,Total - All Places of Death,All Ages,2875,118127,6862,1180,65,8616,
9/27/2023,9/1/2023,9/23/2023,23-Sep-23,September 2023,By Month,2023,9,0,United States,Total - All Places of Death,0-17 years,0,711,8,0,1,9,
9/27/2023,9/1/2023,9/23/2023,23-Sep-23,September 2023,By Month,2023,9,0,United States,Total - All Places of Death,18-29 years,7,1242,27,3,2,33,
9/27/2023,9/1/2023,9/23/2023,23-Sep-23,September 2023,By Month,2023,9,0,United States,Total - All Places of Death,30-39 years,21,2380,81,7,2,97,
9/27/2023,9/1/2023,9/23/2023,23-Sep-23,September 2023,By Month,2023,9,0,United States,Total - All Places of Death,40-49 years,34,3868,122,12,5,148,
9/27/2023,9/1/2023,9/23/2023,23-Sep-23,September 2023,By Month,2023,9,0,United States,Total - All Places of Death,50-64 years,206,16461,828,87,8,954,
9/27/2023,9/1/2023,9/23/2023,23-Sep-23,September 2023,By Month,2023,9,0,United States,Total - All Places of Death,65-74 years,507,23886,1533,230,12,1822,
9/27/2023,9/1/2023,9/23/2023,23-Sep-23,September 2023,By Month,2023,9,0,United States,Total - All Places of Death,75-84 years,923,32627,2130,386,20,2683,
9/27/2023,9/1/2023,9/23/2023,23-Sep-23,September 2023,By Month,2023,9,0,United States,Total - All Places of Death,85 years and over,1177,36944,2133,455,15,2870,
